n,structure,operation,position,operations_performed,avg_time_ms,metric,metric_type,theoretical_complexity
100,Dynamic Array,insert,beginning,1000,2.285395,600620,movements,Theta(n) per insertion
100,Linked List,insert,beginning,1000,0.081982,0,node_accesses,Theta(1) per insertion
100,Dynamic Array,insert,middle,1000,0.164279,550620,movements,Theta(n) per insertion
100,Linked List,insert,middle,1000,0.068863,50000,node_accesses,Theta(n) per insertion
100,Dynamic Array,remove,beginning,100,0.102373,4950,movements,Theta(n) per removal
100,Linked List,remove,beginning,100,0.008565,0,node_accesses,Theta(1) per removal
100,Dynamic Array,remove,middle,100,0.010564,2450,movements,Theta(n) per removal
100,Linked List,remove,middle,100,0.008745,2500,node_accesses,Theta(n) per removal
1000,Dynamic Array,insert,beginning,1000,0.432106,1500780,movements,Theta(n) per insertion
1000,Linked List,insert,beginning,1000,0.051638,0,node_accesses,Theta(1) per insertion
1000,Dynamic Array,insert,middle,1000,0.291120,1000780,movements,Theta(n) per insertion
1000,Linked List,insert,middle,1000,0.842008,500000,node_accesses,Theta(n) per insertion
1000,Dynamic Array,remove,beginning,1000,0.793107,499500,movements,Theta(n) per removal
1000,Linked List,remove,beginning,1000,0.031933,0,node_accesses,Theta(1) per removal
1000,Dynamic Array,remove,middle,1000,0.116016,249500,movements,Theta(n) per removal
1000,Linked List,remove,middle,1000,0.450430,250000,node_accesses,Theta(n) per removal
10000,Dynamic Array,insert,beginning,1000,2.975163,10509740,movements,Theta(n) per insertion
10000,Linked List,insert,beginning,1000,0.024558,0,node_accesses,Theta(1) per insertion
10000,Dynamic Array,insert,middle,1000,1.765988,5509740,movements,Theta(n) per insertion
10000,Linked List,insert,middle,1000,9.171789,5000000,node_accesses,Theta(n) per insertion
10000,Dynamic Array,remove,beginning,1000,4.242706,9499500,movements,Theta(n) per removal
10000,Linked List,remove,beginning,1000,0.024344,0,node_accesses,Theta(1) per removal
10000,Dynamic Array,remove,middle,1000,1.465471,4749500,movements,Theta(n) per removal
10000,Linked List,remove,middle,1000,8.785581,4750000,node_accesses,Theta(n) per removal
100000,Dynamic Array,insert,beginning,1000,29.297450,100499500,movements,Theta(n) per insertion
100000,Linked List,insert,beginning,1000,0.038189,0,node_accesses,Theta(1) per insertion
100000,Dynamic Array,insert,middle,1000,13.891834,50499500,movements,Theta(n) per insertion
100000,Linked List,insert,middle,1000,96.714959,50000000,node_accesses,Theta(n) per insertion
100000,Dynamic Array,remove,beginning,1000,34.869103,99499500,movements,Theta(n) per removal
100000,Linked List,remove,beginning,1000,0.025764,0,node_accesses,Theta(1) per removal
100000,Dynamic Array,remove,middle,1000,15.711893,49749500,movements,Theta(n) per removal
100000,Linked List,remove,middle,1000,97.291661,49750000,node_accesses,Theta(n) per removal
